Id, Nombre, genero, numeroDeTarjeta
1,Wilfred,M,164398256
2,Lucie,F,754326640
3,Jessie,M,518213009
4,Ambur,F,163062273
5,Anna,F,1406218967
6,Noelani,F,1393281046
7,Ricca,F,3496837054
8,Steward,M,3353214435
9,Jania,F,480346774
10,Murray,M,1730164110
11,Alyson,F,1224127379
12,Codi,M,3917009714
13,Dody,F,1932478899
14,Tilda,F,3630211254
15,Hart,M,1316760606
16,Isis,F,114534721
17,Stephanie,F,518220611
18,Veronika,F,2576882263
19,Rogerio,M,1669138338
20,Jermaine,M,1547299993
21,Griffin,M,782509921
22,Courtney,F,3021903702
23,Tabitha,F,3858029005
24,Ludovico,M,3764373917
25,Yehudit,M,1451019953
26,Hardy,M,467161945
27,Jarrett,M,4222156653
28,Deeyn,F,4037147154
29,Constantin,M,3098256284
30,Carin,F,3956774431
31,Towny,M,2446749956
32,Bethanne,F,544727191
33,Clarette,F,4116300604
34,Olivia,F,2220359465
35,Hailey,M,2839818588
36,Vincents,M,53761863
37,Skye,M,2293739670
38,Johnath,F,1270263090
39,Ajay,F,1126628666
40,Morgen,M,1371408810
41,Mortimer,M,3040485698
42,Adah,F,647616992
43,Goraud,M,1343944114
44,Tabina,F,208360793
45,Shea,M,3788291593
46,Malynda,F,2470479234
47,Bonnibelle,F,2424515331
48,Dolly,F,2274877440
49,Cornie,M,896174482
50,Aldo,M,1287747844
